Benchmark,Disk,Test,Replica,file_size_in,reg_size_in,write,rewrite,read,reread,random_reread,random_write(KB/s),bkwd_read,record_rewrite,stride_read,fwrite,"fread,freread",time,timestamp
iozone,/dev/md0,1,1,1024,4,14839,41627,31168,27303,26767,15361,14374,14987,23068,2031864,1479591,3345496,2884840,0:00:00.768159,2023-06-04 17:01:28.626033
iozone,/dev/md0,1,2,1024,4,40498,40303,30100,27689,26505,16095,13733,14929,24822,2645000,2472911,1759651,1432225,0:00:00.715792,2023-06-04 17:01:29.342552
iozone,/dev/md0,1,3,1024,4,40665,43474,31658,27311,27253,15702,13943,15063,24088,2681328,3345496,3725664,3835457,0:00:00.663804,2023-06-04 17:01:30.006599
iozone,/dev/md0,1,4,1024,4,42657,27146,14860,27771,27008,16212,14983,14885,25357,2337008,2869422,4265934,3970183,0:00:00.782675,2023-06-04 17:01:30.789476
iozone,/dev/md0,1,5,1024,4,39152,43963,31343,27043,26362,16128,12607,15170,25564,2774874,2375790,1976691,3764854,0:00:00.665874,2023-06-04 17:01:31.455547
iozone,/dev/md0,2,1,1024,4,42324,42765,31394,27215,26806,16457,12441,14872,25629,2598591,2960401,3970183,3241960,0:00:00.665557,2023-06-04 17:01:32.121332
iozone,/dev/md0,2,2,1024,4,41860,41986,31505,27499,27209,15749,17145,15214,23651,2950233,3345496,4195100,3483896,0:00:00.682138,2023-06-04 17:01:32.803669
iozone,/dev/md0,2,3,1024,4,43305,44039,31065,27599,27009,16484,19823,14957,27121,2337008,2281152,2060128,3345496,0:00:00.632923,2023-06-04 17:01:33.436865
iozone,/dev/md0,2,4,1024,4,37139,37128,32488,31830,27332,15637,16483,15034,25582,2069060,1333093,3358576,3618930,0:00:00.673835,2023-06-04 17:01:34.110884
iozone,/dev/md0,2,5,1024,4,42442,43618,31035,27720,26544,16405,13070,15107,24979,2024203,3130886,4415030,3271594,0:00:00.682478,2023-06-04 17:01:34.793575
iozone,/dev/md0,3,1,1024,4,42877,44344,31974,27198,26520,16071,17815,14768,24766,2746483,1837965,3781427,3481072,0:00:00.682556,2023-06-04 17:01:35.476374
iozone,/dev/md0,3,2,1024,4,43161,43509,31612,27506,27210,15066,17799,15125,25667,1821595,3160839,4904018,4114719,0:00:00.639987,2023-06-04 17:01:36.116504
iozone,/dev/md0,3,3,1024,4,41086,43675,31506,27298,27236,16181,18292,15127,25532,1753186,2529716,4379019,3877004,0:00:00.616023,2023-06-04 17:01:36.732644
iozone,/dev/md0,3,4,1024,4,42307,43946,25088,27868,27306,14987,17027,15154,26582,2008114,1022902,4232305,4029784,0:00:00.657853,2023-06-04 17:01:37.390681
iozone,/dev/md0,3,5,1024,4,43063,43235,31564,27783,27504,15661,17779,15010,25697,2985091,3241960,1780809,1405050,0:00:00.692039,2023-06-04 17:01:38.082910
iozone,/dev/md0,4,1,1024,4,42707,42913,31136,27313,26544,16108,16498,15091,25550,2353657,1151834,1720874,1452078,0:00:00.666285,2023-06-04 17:01:38.749445
iozone,/dev/md0,4,2,1024,4,40697,24207,34103,31914,25690,16007,16630,14981,25092,2240689,2666347,1701108,1412443,0:00:00.725506,2023-06-04 17:01:39.475083
iozone,/dev/md0,4,3,1024,4,18185,42972,31575,27650,27452,15353,16243,14898,25650,2782064,1969440,3189002,3941039,0:00:00.687172,2023-06-04 17:01:40.162500
iozone,/dev/md0,4,4,1024,4,43706,44753,26429,30519,27458,15782,19034,15089,26920,2461573,3010197,3696803,3594699,0:00:00.657796,2023-06-04 17:01:40.820484
iozone,/dev/md0,4,5,1024,4,43193,41993,31471,26985,27087,15476,18080,14823,25374,1834824,3140041,4029784,3778101,0:00:00.623863,2023-06-04 17:01:41.444539
iozone,/dev/md0,5,1,1024,4,43157,44177,31180,27618,27074,16224,17275,14992,25165,2547723,3003881,4079544,4064103,0:00:00.632369,2023-06-04 17:01:42.077125
iozone,/dev/md0,5,2,1024,4,42464,43548,31622,27555,26954,16889,14068,14935,16925,2348509,1045053,1786736,1473500,0:00:00.692718,2023-06-04 17:01:42.770027
iozone,/dev/md0,5,3,1024,4,39551,41670,26110,27368,26698,16627,19432,15065,27850,2916180,2450338,4904018,1961346,0:00:00.622456,2023-06-04 17:01:43.392612
iozone,/dev/md0,5,4,1024,4,44031,42151,30917,27536,26904,16285,17335,15151,21640,894448,2632033,3506651,4300102,0:00:00.690776,2023-06-04 17:01:44.083572
iozone,/dev/md0,5,5,1024,4,42873,41543,31954,27659,26408,16769,17043,14795,15858,2918161,2279941,3955557,3447541,0:00:00.699237,2023-06-04 17:01:44.782997
iozone,/dev/md0,6,1,1024,8,63284,64674,49698,48301,34936,29834,28853,28367,48120,3791442,3251778,5917516,4679604,0:00:00.507264,2023-06-04 17:01:45.290516
iozone,/dev/md0,6,2,1024,8,60900,64508,49895,50383,36334,29819,27944,29150,47326,3764854,4079544,6963241,2467229,0:00:00.490838,2023-06-04 17:01:45.781560
iozone,/dev/md0,6,3,1024,8,61280,64527,50748,48211,36300,29477,28056,28284,47877,3671521,1587315,2867506,2150918,0:00:00.476216,2023-06-04 17:01:46.257970
iozone,/dev/md0,6,4,1024,8,59238,56971,26948,25162,38310,27997,28165,28202,48206,2300703,1554004,2701567,2085132,0:00:00.532932,2023-06-04 17:01:46.791118
iozone,/dev/md0,6,5,1024,8,25697,53666,50642,42359,36399,29695,29524,27845,40474,1670020,4265934,2859868,2976816,0:00:00.530246,2023-06-04 17:01:47.321525
iozone,/dev/md0,7,1,1024,8,59201,65695,49715,49609,36580,29895,19003,28717,40881,2686359,3355952,5144870,4512441,0:00:00.491659,2023-06-04 17:01:47.813403
iozone,/dev/md0,7,2,1024,8,63354,65082,50801,49468,36411,30259,18475,28722,34129,2437821,2281152,4451639,3529706,0:00:00.516154,2023-06-04 17:01:48.329764
iozone,/dev/md0,7,3,1024,8,62128,37685,36051,48864,36164,30302,18297,28423,40218,3092561,3923040,2852271,2805690,0:00:00.540149,2023-06-04 17:01:48.870049
iozone,/dev/md0,7,4,1024,8,62588,64144,50904,48829,35147,30315,18747,29021,39593,3348104,4374559,6918376,5536137,0:00:00.491034,2023-06-04 17:01:49.361287
iozone,/dev/md0,7,5,1024,8,61582,63872,50366,50034,36020,29394,19501,29647,29758,3567824,2710090,5789881,4694950,0:00:00.524797,2023-06-04 17:01:49.886273
iozone,/dev/md0,8,1,1024,8,58982,56260,50972,48134,34100,30522,29488,30103,49812,2592318,2701567,4232305,3390391,0:00:00.524900,2023-06-04 17:01:50.411357
iozone,/dev/md0,8,2,1024,8,16467,23611,40855,34696,51659,26689,18815,29796,45060,2461573,3324778,6137371,6102490,0:00:00.581233,2023-06-04 17:01:50.992801
iozone,/dev/md0,8,3,1024,8,63788,64797,50866,51307,36866,30983,15912,28810,34855,3355952,3483896,6441107,5500686,0:00:00.540493,2023-06-04 17:01:51.533476
iozone,/dev/md0,8,4,1024,8,61750,61478,35837,47548,35801,29367,18731,28488,34558,2910252,2884840,2509027,2052253,0:00:00.510674,2023-06-04 17:01:52.044335
iozone,/dev/md0,8,5,1024,8,61939,64949,49783,52090,36506,29952,28849,29189,51615,3643490,1584972,2916180,2125373,0:00:00.505969,2023-06-04 17:01:52.550530
iozone,/dev/md0,9,1,1024,8,62903,65767,52112,52378,36896,30345,28834,28553,47468,3808251,1602118,2908281,2187063,0:00:00.483933,2023-06-04 17:01:53.034622
iozone,/dev/md0,9,2,1024,8,64060,65003,52072,49337,37057,30398,16916,29153,42834,3606774,3170172,7369466,5782087,0:00:00.480301,2023-06-04 17:01:53.515118
iozone,/dev/md0,9,3,1024,8,61200,64524,51806,49934,28133,30142,14989,28081,27103,2437821,1969440,6569179,5885083,0:00:00.524674,2023-06-04 17:01:54.039972
iozone,/dev/md0,9,4,1024,8,63844,65810,51569,51961,37067,30211,28526,28453,50235,3894582,4428688,6290174,6025439,0:00:00.465828,2023-06-04 17:01:54.505978
iozone,/dev/md0,9,5,1024,8,58611,62241,51882,48682,35653,30545,27689,29137,52558,3281592,2916180,2844715,2183727,0:00:00.483434,2023-06-04 17:01:54.989607
iozone,/dev/md0,10,1,1024,8,62041,64724,36386,51264,28445,30952,20200,28945,39260,3908759,4142499,2918161,2197132,0:00:00.515903,2023-06-04 17:01:55.505727
iozone,/dev/md0,10,2,1024,8,51136,60861,51051,42556,36912,29911,29107,28235,47466,3567824,4018473,3092561,5853003,0:00:00.485072,2023-06-04 17:01:55.990978
iozone,/dev/md0,10,3,1024,8,41119,65209,50962,49778,28627,29300,26791,28621,43747,2666347,3495237,7755368,5991815,0:00:00.512692,2023-06-04 17:01:56.503845
iozone,/dev/md0,10,4,1024,8,62507,64264,52282,50356,37299,30736,18871,29791,43032,1885572,3411938,3643490,2968586,0:00:00.517010,2023-06-04 17:01:57.021034
iozone,/dev/md0,10,5,1024,8,62496,64495,36278,48197,36490,30050,11873,29054,44118,2813041,3951918,2859868,2490116,0:00:00.525162,2023-06-04 17:01:57.546379
iozone,/dev/md0,11,1,1024,16,74457,81127,54163,85128,79881,53915,35369,49973,73315,2934110,3999762,5821271,5089995,0:00:00.397464,2023-06-04 17:01:57.944066
iozone,/dev/md0,11,2,1024,16,81912,76899,56948,76980,69721,58481,25768,51950,88803,3631168,5226256,8457895,6963241,0:00:00.382720,2023-06-04 17:01:58.326933
iozone,/dev/md0,11,3,1024,16,79899,84294,58132,79336,76309,53038,19810,50122,73775,4392454,3631168,8970167,6776473,0:00:00.390022,2023-06-04 17:01:58.717173
iozone,/dev/md0,11,4,1024,16,77740,80776,37706,81418,83927,56530,32240,50567,87972,4114719,3518141,6830356,3140041,0:00:00.409098,2023-06-04 17:01:59.126452
iozone,/dev/md0,11,5,1024,16,78877,81262,54269,84790,69703,53781,36871,50446,71116,3880507,5363307,3668386,2653170,0:00:00.399571,2023-06-04 17:01:59.526126
iozone,/dev/md0,12,1,1024,16,75482,83184,37889,82521,81399,51011,31681,48290,83388,3970183,3281592,7755368,6441107,0:00:00.405951,2023-06-04 17:01:59.932282
iozone,/dev/md0,12,2,1024,16,78763,81204,37584,83524,83529,53037,25488,52024,75661,3046495,3239514,7883484,7008693,0:00:00.375767,2023-06-04 17:02:00.308171
iozone,/dev/md0,12,3,1024,16,82820,80929,55033,83714,73111,57807,3052,50602,62591,2245375,3301774,4339202,4995276,0:00:00.674171,2023-06-04 17:02:00.982449
iozone,/dev/md0,12,4,1024,16,78202,82037,58314,82282,81295,58198,28674,50985,61438,4249053,1869160,3643490,2625597,0:00:00.409460,2023-06-04 17:02:01.392117
iozone,/dev/md0,12,5,1024,16,82559,82606,54277,83714,70146,50139,19577,50354,70992,4265934,4943530,8391792,6918376,0:00:00.388028,2023-06-04 17:02:01.780330
iozone,/dev/md0,13,1,1024,16,81365,83441,38007,87527,82828,54958,31846,52167,82043,3748425,3083680,7590887,7524394,0:00:00.374612,2023-06-04 17:02:02.155069
iozone,/dev/md0,13,2,1024,16,78198,82893,37569,82994,80890,54616,37872,50208,71884,4512441,4356809,7066349,6974549,0:00:00.382502,2023-06-04 17:02:02.537757
iozone,/dev/md0,13,3,1024,16,82594,82707,68632,81840,84958,56694,31230,48553,31498,3458646,1914144,3684119,2659742,0:00:00.385975,2023-06-04 17:02:02.923836
iozone,/dev/md0,13,4,1024,16,81534,82962,57283,87558,72347,52658,25582,52629,66713,2767722,2138070,3659010,4654248,0:00:00.398066,2023-06-04 17:02:03.322082
iozone,/dev/md0,13,5,1024,16,79311,82713,69277,77947,70722,54613,19518,51131,74094,3891053,4396951,8525047,5390231,0:00:00.398368,2023-06-04 17:02:03.720640
iozone,/dev/md0,14,1,1024,16,46600,73838,6829,66017,22585,54037,29449,50086,72675,3170172,1872419,3582705,2619192,0:00:00.560505,2023-06-04 17:02:04.281374
iozone,/dev/md0,14,2,1024,16,77929,78414,59393,65122,17843,54962,28678,50124,73531,3345496,3984917,6327241,5813392,0:00:00.429831,2023-06-04 17:02:04.711408
iozone,/dev/md0,14,3,1024,16,80376,82494,70539,80024,73780,52783,19694,50245,73478,4300102,3001782,3804877,2708381,0:00:00.409039,2023-06-04 17:02:05.120582
iozone,/dev/md0,14,4,1024,16,78228,82045,37241,79489,83592,54274,25277,49963,83258,3314514,2942149,4232305,5330028,0:00:00.383195,2023-06-04 17:02:05.503971
iozone,/dev/md0,14,5,1024,16,81737,81327,54747,84266,71412,56863,36192,49982,72562,4300102,4741598,3684119,2668003,0:00:00.423898,2023-06-04 17:02:05.928070
iozone,/dev/md0,15,1,1024,16,81959,53713,59414,80496,73945,52464,19700,51434,74969,4249053,5089995,7590887,6963241,0:00:00.397837,2023-06-04 17:02:06.326130
iozone,/dev/md0,15,2,1024,16,79208,81179,37692,82063,85812,54991,31644,51871,86392,3778101,4531485,7685976,5751117,0:00:00.374108,2023-06-04 17:02:06.700430
iozone,/dev/md0,15,3,1024,16,72743,79361,37613,80769,81418,55247,31605,52108,83022,4374559,2060128,8822754,6819511,0:00:00.374744,2023-06-04 17:02:07.075289
iozone,/dev/md0,15,4,1024,16,24491,82407,53988,82648,72577,52271,19747,48710,75556,3436508,4265934,9142007,7269678,0:00:00.424306,2023-06-04 17:02:07.499783
iozone,/dev/md0,15,5,1024,16,75277,40565,13560,55956,81926,52512,35143,49375,71498,2169388,1575668,3472628,2529716,0:00:03.217507,2023-06-04 17:02:10.717494
iozone,/dev/md0,16,1,4096,4,52699,51810,51136,55784,12875,9939,18007,14576,24617,2085490,1137528,1786256,1452989,0:00:02.154861,2023-06-04 17:02:12.872642
iozone,/dev/md0,16,2,4096,4,47648,54113,50757,49587,8655,7299,18138,14825,23464,1606976,1108821,1707434,1421256,0:00:02.615670,2023-06-04 17:02:15.488504
iozone,/dev/md0,16,3,4096,4,51443,52239,52389,55080,7936,10267,16088,14935,24286,1923018,1112483,1745956,1485787,0:00:02.422505,2023-06-04 17:02:17.911227
iozone,/dev/md0,16,4,4096,4,42279,47971,46627,49639,8598,9180,16632,14723,23898,2132342,1100159,1692630,1405673,0:00:02.560894,2023-06-04 17:02:20.472355
iozone,/dev/md0,16,5,4096,4,25208,24908,44910,48408,9446,8821,18177,15024,16933,761221,1033574,1647505,1383821,0:00:02.717534,2023-06-04 17:02:23.190134
iozone,/dev/md0,17,1,4096,4,23219,20412,55363,55504,10167,9438,18187,14813,24677,1751117,1153800,1734148,1435267,0:00:03.066855,2023-06-04 17:02:26.257276
iozone,/dev/md0,17,2,4096,4,45307,54503,51011,55714,8142,9816,16663,14892,15846,1792593,1151789,1768603,1447358,0:00:02.524627,2023-06-04 17:02:28.782051
iozone,/dev/md0,17,3,4096,4,52591,53884,50151,52019,8018,9714,18147,14770,11984,648081,1129006,1710834,1461270,0:00:02.623571,2023-06-04 17:02:31.405848
iozone,/dev/md0,17,4,4096,4,47822,44762,46777,49480,14752,10739,19505,14860,23327,2219963,2717987,1748799,1433710,0:00:02.201374,2023-06-04 17:02:33.607451
iozone,/dev/md0,17,5,4096,4,52222,51433,45379,49448,7436,7965,19075,14865,23545,2072909,1129971,1646873,1383375,0:00:02.618062,2023-06-04 17:02:36.225663
iozone,/dev/md0,18,1,4096,4,44902,52969,55672,48669,8927,8735,16662,14740,24637,1462389,1142521,1725266,1457180,0:00:02.477490,2023-06-04 17:02:38.703436
iozone,/dev/md0,18,2,4096,4,42645,53261,51255,55081,9420,6049,16676,14732,23304,1488361,1123101,1665715,1479262,0:00:02.674021,2023-06-04 17:02:41.377610
iozone,/dev/md0,18,3,4096,4,47361,53571,56067,49467,10093,9029,17702,14718,23563,1412840,1073687,1609384,1386165,0:00:02.373452,2023-06-04 17:02:43.751270
iozone,/dev/md0,18,4,4096,4,48165,52145,56783,55182,6429,6576,17147,14960,10680,1109108,1107892,1673178,1390879,0:00:02.985849,2023-06-04 17:02:46.737361
iozone,/dev/md0,18,5,4096,4,38809,50006,51950,49470,9508,10287,15666,14738,24247,1833535,1093993,1638392,1373971,0:00:03.145446,2023-06-04 17:02:49.883043
iozone,/dev/md0,19,1,4096,4,48918,45965,56297,49469,7214,9145,16373,14868,24203,1606224,1161994,1721118,1432634,0:00:02.620749,2023-06-04 17:02:52.504079
iozone,/dev/md0,19,2,4096,4,51738,53151,52465,53444,9594,7158,15470,15334,11699,1227852,1050833,1613314,1404639,0:00:02.740593,2023-06-04 17:02:55.244893
iozone,/dev/md0,19,3,4096,4,50282,53297,56400,49579,9865,9222,16538,14875,7680,1456068,1080168,1733448,1493277,0:00:02.783921,2023-06-04 17:02:58.029057
iozone,/dev/md0,19,4,4096,4,49665,52247,57370,48900,7207,8290,16166,14791,23518,1760989,1083574,1682848,1362205,0:00:02.621820,2023-06-04 17:03:00.651093
iozone,/dev/md0,19,5,4096,4,51209,52648,56096,43192,9102,10633,17643,14823,23548,1747554,1103480,1667656,1388855,0:00:02.358784,2023-06-04 17:03:03.010121
iozone,/dev/md0,20,1,4096,4,48266,53242,55982,52902,8221,8827,18079,14521,9103,768474,1095738,1650195,1414352,0:00:02.803078,2023-06-04 17:03:05.813469
iozone,/dev/md0,20,2,4096,4,47132,49311,45995,46017,7866,7702,16719,14902,24088,1717333,2702169,3082251,3552638,0:00:02.586732,2023-06-04 17:03:08.400445
iozone,/dev/md0,20,3,4096,4,48859,54052,57139,54518,7201,7126,16169,14743,23452,1932101,2553941,3864287,3281854,0:00:02.737999,2023-06-04 17:03:11.138663
iozone,/dev/md0,20,4,4096,4,48054,39425,49760,50099,10012,8968,14973,14837,24758,1720256,1148632,1697480,1422197,0:00:02.458575,2023-06-04 17:03:13.597375
iozone,/dev/md0,20,5,4096,4,45718,53390,57101,49543,13258,9008,16728,14831,7229,926048,1044381,1621536,1399376,0:00:02.700282,2023-06-04 17:03:16.297893
iozone,/dev/md0,21,1,4096,8,80785,81378,81957,55495,18277,20896,26495,27638,40135,2276744,1504129,2717987,2064440,0:00:01.502533,2023-06-04 17:03:17.800713
iozone,/dev/md0,21,2,4096,8,81137,79931,77925,72448,8915,18684,21487,28001,41418,2118929,1504260,2745350,2057270,0:00:01.748494,2023-06-04 17:03:19.549373
iozone,/dev/md0,21,3,4096,8,82205,83893,80977,62945,20171,20792,28884,27698,39331,2285832,1440200,2687795,2054073,0:00:01.498155,2023-06-04 17:03:21.047759
iozone,/dev/md0,21,4,4096,8,81133,84637,80926,62150,18498,20433,13171,27287,7012,930663,1330761,2579247,2058256,0:00:02.061763,2023-06-04 17:03:23.109766
iozone,/dev/md0,21,5,4096,8,81731,84710,82442,62119,13626,21811,23326,28518,38840,1980661,1419846,2571141,2053336,0:00:01.568530,2023-06-04 17:03:24.678479
iozone,/dev/md0,22,1,4096,8,65031,76711,81466,56501,15066,20983,25409,28156,37656,1343877,3491981,6291135,5020702,0:00:01.575913,2023-06-04 17:03:26.254701
iozone,/dev/md0,22,2,4096,8,78937,86374,77864,64590,18330,20845,28249,27728,39288,2075915,1526040,2705147,2054073,0:00:01.468701,2023-06-04 17:03:27.723618
iozone,/dev/md0,22,3,4096,8,81091,82727,81880,71323,18508,22182,22687,28142,40326,1911464,1442255,2851995,2217671,0:00:01.475525,2023-06-04 17:03:29.199334
iozone,/dev/md0,22,4,4096,8,57093,84828,82197,62092,18553,21033,26997,27775,7112,862494,1423257,2579247,2055301,0:00:01.962338,2023-06-04 17:03:31.161881
iozone,/dev/md0,22,5,4096,8,80006,81302,81201,55489,14537,17692,21063,27967,39695,2343197,1380928,2657856,2035817,0:00:01.631089,2023-06-04 17:03:32.793208
iozone,/dev/md0,23,1,4096,8,80409,84791,82163,71319,12410,16592,21978,27016,7667,926447,1097278,2544108,1989376,0:00:02.097747,2023-06-04 17:03:34.891234
iozone,/dev/md0,23,2,4096,8,51570,45526,52192,46893,18269,12269,25034,28157,38928,2163764,1386613,2644356,2026691,0:00:01.781189,2023-06-04 17:03:36.672671
iozone,/dev/md0,23,3,4096,8,81147,81423,80844,71136,13779,14954,27699,27564,38812,1914019,1467135,2661562,2063448,0:00:01.598065,2023-06-04 17:03:38.270975
iozone,/dev/md0,23,4,4096,8,82814,56129,72245,87021,35066,16382,17399,27724,19178,1402231,991519,2680666,2075915,0:00:01.606222,2023-06-04 17:03:39.877436
iozone,/dev/md0,23,5,4096,8,55531,76691,79718,69413,11860,22434,24067,27486,38967,1287961,1354579,3284363,1965478,0:00:01.663531,2023-06-04 17:03:41.541203
iozone,/dev/md0,24,1,4096,8,76695,85141,80894,62759,14397,21161,26264,28145,38625,1689633,1505315,2676907,2096178,0:00:01.532294,2023-06-04 17:03:43.073789
iozone,/dev/md0,24,2,4096,8,49538,45486,84687,63199,16189,19121,28127,28100,42337,1389416,3368069,5030994,5165626,0:00:01.570191,2023-06-04 17:03:44.644207
iozone,/dev/md0,24,3,4096,8,83864,85511,81001,62460,16333,21884,24709,28080,40197,2132077,1553220,2863881,2186900,0:00:01.425755,2023-06-04 17:03:46.070164
iozone,/dev/md0,24,4,4096,8,83409,85625,81763,62331,15931,21343,23931,28314,40777,1641680,1496529,2618960,2110080,0:00:01.532357,2023-06-04 17:03:47.602732
iozone,/dev/md0,24,5,4096,8,78846,85028,82999,71305,16614,22873,21320,27857,40194,2213956,3615440,6024207,4965558,0:00:01.527524,2023-06-04 17:03:49.130512
iozone,/dev/md0,25,1,4096,8,78720,79909,80350,62481,11359,19387,27082,27947,38631,2336505,1427159,2707279,2113455,0:00:01.618924,2023-06-04 17:03:50.749684
iozone,/dev/md0,25,2,4096,8,80060,81253,75912,64971,17846,20714,21930,28293,38579,2252859,1443831,2659914,2035817,0:00:01.522876,2023-06-04 17:03:52.272794
iozone,/dev/md0,25,3,4096,8,56557,76963,81049,83932,17078,21285,24447,27734,39330,2193882,3321831,6077484,5689064,0:00:01.527748,2023-06-04 17:03:53.800787
iozone,/dev/md0,25,4,4096,8,78989,85457,81491,83799,18031,20417,23838,27866,39728,1674482,1458169,2579247,1965478,0:00:01.541779,2023-06-04 17:03:55.342732
iozone,/dev/md0,25,5,4096,8,80998,84937,81639,61827,12331,15411,27662,28278,37532,1446871,2123381,4929936,4016047,0:00:01.638256,2023-06-04 17:03:56.981243
iozone,/dev/md0,26,1,4096,16,113403,116745,103041,71851,33381,42816,30351,49899,58528,2007977,1845946,3555579,2582737,0:00:01.042272,2023-06-04 17:03:58.023787
iozone,/dev/md0,26,2,4096,16,111671,114113,103661,71819,15575,45707,31148,49350,54240,2354114,1921942,3438858,2502236,0:00:01.140479,2023-06-04 17:03:59.164439
iozone,/dev/md0,26,3,4096,16,113854,117387,103719,71614,28603,41457,36679,50384,55992,2123381,4516494,201971,4546375,0:00:01.058180,2023-06-04 17:04:00.222863
iozone,/dev/md0,26,4,4096,16,47657,50192,17110,99097,21969,31138,33277,48690,56201,2203449,1673178,3503374,2529871,0:00:01.405608,2023-06-04 17:04:01.628703
iozone,/dev/md0,26,5,4096,16,109092,117162,101620,72811,28995,39131,28676,49667,56032,2360583,1751831,3527834,2566532,0:00:01.098570,2023-06-04 17:04:02.727512
iozone,/dev/md0,27,1,4096,16,114228,113796,104928,71905,17070,43306,24722,48760,51432,2072659,1560273,3465216,2702169,0:00:01.190116,2023-06-04 17:04:03.917924
iozone,/dev/md0,27,2,4096,16,102914,118126,104713,71922,23396,44813,24295,49617,57973,2122332,1709472,3450600,2548637,0:00:01.165198,2023-06-04 17:04:05.083335
iozone,/dev/md0,27,3,4096,16,111897,115738,103993,71781,19405,45283,24489,48076,58128,2315406,1763158,3512686,2540722,0:00:01.165280,2023-06-04 17:04:06.248849
iozone,/dev/md0,27,4,4096,16,110870,115448,103274,71667,26476,42763,32635,46402,57575,1248010,1740120,3442303,2678994,0:00:01.040341,2023-06-04 17:04:07.289417
iozone,/dev/md0,27,5,4096,16,112713,117697,102922,71712,26680,42511,27628,49288,59752,2539220,1910613,3775126,2676907,0:00:01.142950,2023-06-04 17:04:08.432532
iozone,/dev/md0,28,1,4096,16,109780,106129,104001,101315,21125,42025,29944,50277,58954,2092093,1728390,3404782,2569603,0:00:01.112975,2023-06-04 17:04:09.545743
iozone,/dev/md0,28,2,4096,16,112212,116751,103070,71107,27020,41754,33980,48906,52882,1698823,2782252,322470,2511380,0:00:01.152012,2023-06-04 17:04:10.697997
iozone,/dev/md0,28,3,4096,16,105236,117148,103809,71487,22575,43339,25368,50973,58202,2020731,1690465,3445064,2488463,0:00:01.161943,2023-06-04 17:04:11.860179
iozone,/dev/md0,28,4,4096,16,111276,115670,85926,71683,22247,41445,29974,47289,59502,2134461,1707264,5618365,4352854,0:00:01.129735,2023-06-04 17:04:12.990167
iozone,/dev/md0,28,5,4096,16,114914,115801,102925,63184,23920,42151,28821,48434,61909,1597561,3598778,3690781,2694963,0:00:01.107874,2023-06-04 17:04:14.098204
iozone,/dev/md0,29,1,4096,16,113433,117823,103630,84759,15714,42963,26807,49666,56045,2340643,4288742,5681538,4432592,0:00:01.163904,2023-06-04 17:04:15.262375
iozone,/dev/md0,29,2,4096,16,105788,112943,94578,84509,26935,42510,27564,48504,57159,2399823,1766239,3530734,2555081,0:00:01.134891,2023-06-04 17:04:16.397406
iozone,/dev/md0,29,3,4096,16,112592,113726,101730,71951,28658,40101,28699,50201,54571,1833535,1990298,3504089,2336505,0:00:01.064991,2023-06-04 17:04:17.462628
iozone,/dev/md0,29,4,4096,16,107320,114994,102167,71618,14257,46484,34335,49848,56099,1765513,3222752,6682678,6178018,0:00:01.154057,2023-06-04 17:04:18.616896
iozone,/dev/md0,29,5,4096,16,112802,117404,102201,72211,26056,40378,25404,49909,39148,2134461,1615741,3605576,2620558,0:00:01.134604,2023-06-04 17:04:19.751650
iozone,/dev/md0,30,1,4096,16,102172,108394,100804,71457,24242,41839,29685,46696,22582,803480,868380,3360164,2589355,0:00:01.298266,2023-06-04 17:04:21.050197
iozone,/dev/md0,30,2,4096,16,109492,110978,107202,71053,19202,38718,24009,49476,60905,1748265,1693965,3387995,2585847,0:00:01.207357,2023-06-04 17:04:22.257806
iozone,/dev/md0,30,3,4096,16,114091,106647,43938,110160,18806,38943,27844,50298,61786,1929280,3592757,3543113,2610602,0:00:01.223305,2023-06-04 17:04:23.481344
iozone,/dev/md0,30,4,4096,16,112240,117115,102254,71859,26026,41165,34808,50188,57502,1611951,1814748,3633793,2748864,0:00:01.088504,2023-06-04 17:04:24.570076
iozone,/dev/md0,30,5,4096,16,114634,118463,102667,72187,17866,42906,27070,50105,57169,2161314,1815515,3491981,2584291,0:00:01.167675,2023-06-04 17:04:25.737953
iozone,/dev/md0,31,1,16384,4,53382,55979,56501,56627,7812,4446,16331,14659,12887,1573399,1027660,1675071,1391200,0:00:12.094349,2023-06-04 17:04:37.832612
iozone,/dev/md0,31,2,16384,4,43165,50772,59704,60416,7938,5853,13111,14766,12219,1066380,957405,1646614,1428299,0:00:11.096823,2023-06-04 17:04:48.929675
iozone,/dev/md0,31,3,16384,4,51798,55972,61740,58096,8720,5589,18273,14837,12150,1054306,682859,1571635,1362270,0:00:12.957527,2023-06-04 17:05:01.887347
iozone,/dev/md0,31,4,16384,4,54544,56579,58306,52250,6879,4913,17868,14937,16256,1901384,1054176,1584062,1353150,0:00:13.347265,2023-06-04 17:05:15.234878
iozone,/dev/md0,31,5,16384,4,52219,55786,61804,58157,9002,5305,13688,14885,11997,752415,636787,182922,1321406,0:00:14.057643,2023-06-04 17:05:29.292815
iozone,/dev/md0,32,1,16384,4,51639,55728,61698,57675,10286,4335,16001,15020,10814,1524531,645090,182184,1394984,0:00:13.017794,2023-06-04 17:05:42.310918
iozone,/dev/md0,32,2,16384,4,52211,49203,59122,60445,7493,4493,16937,14793,11307,1312096,1019594,1616746,1387408,0:00:12.947819,2023-06-04 17:05:55.259042
iozone,/dev/md0,32,3,16384,4,52703,57480,58586,58261,6764,4301,17870,14867,13474,753009,1027537,1611476,1374614,0:00:12.886141,2023-06-04 17:06:08.145457
iozone,/dev/md0,32,4,16384,4,39680,56381,60073,59738,7907,5464,15223,14725,11382,1090806,1114331,1686458,1411083,0:00:11.404236,2023-06-04 17:06:19.549892
iozone,/dev/md0,32,5,16384,4,54870,56532,59289,61010,12853,4222,17088,14702,12001,1653627,1048563,1628817,1413986,0:00:13.484897,2023-06-04 17:06:33.035052
iozone,/dev/md0,33,1,16384,4,54396,57009,59867,60394,9308,5540,15558,15044,11053,1232154,1056770,1623123,1368864,0:00:12.312438,2023-06-04 17:06:45.347781
iozone,/dev/md0,33,2,16384,4,54539,57229,59699,60672,6668,4971,15768,14757,11852,1894308,1096794,1581473,1376101,0:00:11.887282,2023-06-04 17:06:57.235319
iozone,/dev/md0,33,3,16384,4,53303,45640,57921,59545,9301,3871,12143,14692,12453,1051129,1047971,1674051,1412185,0:00:12.527676,2023-06-04 17:07:09.763265
iozone,/dev/md0,33,4,16384,4,55040,56619,61846,58995,12505,4458,17388,14701,12858,735866,1019655,1570701,1348477,0:00:10.830317,2023-06-04 17:07:20.593852
iozone,/dev/md0,33,5,16384,4,50253,55180,54532,51589,6998,5430,13644,14762,16812,1058056,1011416,1525783,1360463,0:00:11.437828,2023-06-04 17:07:32.031870
iozone,/dev/md0,34,1,16384,4,51819,53409,59989,60110,6652,4538,15566,14724,13959,1686955,1031997,1644801,1391679,0:00:12.093941,2023-06-04 17:07:44.126139
iozone,/dev/md0,34,2,16384,4,45860,44487,29292,58601,6086,5619,13952,14844,11780,713903,1030774,1605490,1367829,0:00:12.353875,2023-06-04 17:07:56.480204
iozone,/dev/md0,34,3,16384,4,49006,51582,54347,61404,7488,3969,15225,14828,11242,1114168,1076065,1597205,1367747,0:00:12.619858,2023-06-04 17:08:09.100315
iozone,/dev/md0,34,4,16384,4,54965,57213,59741,60418,11018,5349,15202,14803,13298,1552112,1039978,1689443,1426194,0:00:10.478725,2023-06-04 17:08:19.579289
iozone,/dev/md0,34,5,16384,4,44812,45373,60648,59748,9861,4204,14782,14725,11504,1385674,1049187,2476751,2226395,0:00:11.929577,2023-06-04 17:08:31.509129
iozone,/dev/md0,35,1,16384,4,49628,54599,60417,58511,7222,5995,11823,14718,10521,1614201,1044832,1653468,1390243,0:00:11.662323,2023-06-04 17:08:43.171756
iozone,/dev/md0,35,2,16384,4,54640,56677,59010,59911,11982,3992,17470,14710,16681,1698882,1053756,1628161,1390609,0:00:11.013279,2023-06-04 17:08:54.185233
iozone,/dev/md0,35,3,16384,4,50181,51236,60813,55829,11649,4955,15430,14669,12375,1908248,1055326,269598,3058983,0:00:11.334656,2023-06-04 17:09:05.520149
iozone,/dev/md0,35,4,16384,4,55575,57297,59560,61012,6713,4673,13575,14744,12693,1547394,1027599,1611173,1387520,0:00:12.090673,2023-06-04 17:09:17.611049
iozone,/dev/md0,35,5,16384,4,54236,56849,60575,55528,11007,4315,16399,14765,10810,1525377,1036495,1625234,1375550,0:00:11.654738,2023-06-04 17:09:29.266025
iozone,/dev/md0,36,1,16384,8,89077,90888,96496,94797,10551,12114,21872,27671,40300,2003669,1534642,2553981,2070250,0:00:06.484768,2023-06-04 17:09:35.751093
iozone,/dev/md0,36,2,16384,8,74107,91405,95745,94551,13182,7164,21383,27681,40842,2072872,1379000,2376208,1980456,0:00:07.065906,2023-06-04 17:09:42.817242
iozone,/dev/md0,36,3,16384,8,90087,94578,95477,94689,11674,11591,24407,27472,8516,884422,1326123,2467414,1987616,0:00:07.750301,2023-06-04 17:09:50.567787
iozone,/dev/md0,36,4,16384,8,86343,92525,97811,91899,10099,11145,14944,27903,39974,1964547,1317454,2474165,2027433,0:00:06.924520,2023-06-04 17:09:57.492572
iozone,/dev/md0,36,5,16384,8,79451,85288,87777,91312,11172,11543,15099,27837,38922,2010058,1370256,2420142,1793361,0:00:06.903237,2023-06-04 17:10:04.396048
iozone,/dev/md0,37,1,16384,8,77076,94097,97658,93954,14912,11529,19673,27745,40523,2138940,1393655,2513256,2031209,0:00:06.474836,2023-06-04 17:10:10.871181
iozone,/dev/md0,37,2,16384,8,82274,82067,89103,92044,16609,11646,22120,26671,39178,2037049,1243930,2407677,1993151,0:00:05.959531,2023-06-04 17:10:16.830967
iozone,/dev/md0,37,3,16384,8,83602,84532,90894,95711,10247,10956,24936,27807,39019,2249056,1433423,2476484,1984975,0:00:06.593910,2023-06-04 17:10:23.425169
iozone,/dev/md0,37,4,16384,8,82424,85379,89252,91561,15992,11689,23418,27941,15731,771705,1053078,2077321,1960959,0:00:06.660340,2023-06-04 17:10:30.085739
iozone,/dev/md0,37,5,16384,8,83538,92386,96293,93321,11658,12595,19672,27785,10463,782309,1280412,2436272,1997322,0:00:07.481173,2023-06-04 17:10:37.567126
iozone,/dev/md0,38,1,16384,8,81421,90580,95497,94317,12362,12492,22932,27296,14348,1705629,3086739,2812245,2174955,0:00:06.882811,2023-06-04 17:10:44.450251
iozone,/dev/md0,38,2,16384,8,86702,93033,96345,97923,14112,12138,22251,27795,17400,1781229,1369082,2805471,2147295,0:00:06.543447,2023-06-04 17:10:50.993916
iozone,/dev/md0,38,3,16384,8,88080,87572,91486,89598,17645,9976,20879,26491,40940,1971649,1358097,2546787,2054405,0:00:06.169332,2023-06-04 17:10:57.163478
iozone,/dev/md0,38,4,16384,8,91400,93744,91824,94250,15631,11248,23640,27726,9985,836982,1339670,2538227,2030489,0:00:07.267300,2023-06-04 17:11:04.431044
iozone,/dev/md0,38,5,16384,8,89877,79922,93009,95801,15827,12552,21009,27579,20445,2063226,1340088,2540103,2037049,0:00:06.302805,2023-06-04 17:11:10.734110
iozone,/dev/md0,39,1,16384,8,87609,92083,91285,94820,12242,11437,24538,27558,39029,2113287,1298877,2496819,1996567,0:00:06.366562,2023-06-04 17:11:17.100982
iozone,/dev/md0,39,2,16384,8,82985,82844,85704,86772,11547,10673,21907,27574,40798,2028990,1377038,2531495,1999996,0:00:06.517607,2023-06-04 17:11:23.618837
iozone,/dev/md0,39,3,16384,8,89871,91810,91923,94031,14268,11305,20838,27646,14346,842885,1362729,2445027,1970179,0:00:06.967818,2023-06-04 17:11:30.586935
iozone,/dev/md0,39,4,16384,8,85306,91955,91002,91054,15649,9867,22634,27534,10136,804472,1360679,2619401,2102168,0:00:07.513950,2023-06-04 17:11:38.101174
iozone,/dev/md0,39,5,16384,8,89334,87404,95216,91794,11966,12807,25636,27793,19230,1829357,1158438,127356,2117585,0:00:06.759725,2023-06-04 17:11:44.861128
iozone,/dev/md0,40,1,16384,8,50894,87630,91545,94611,14850,11612,14314,28068,40323,2188601,1456235,2046452,1719714,0:00:06.505084,2023-06-04 17:11:51.367099
iozone,/dev/md0,40,2,16384,8,90925,93763,98043,93973,11852,12331,24345,27712,40493,2229718,1437561,2516753,2003144,0:00:06.107249,2023-06-04 17:11:57.474604
iozone,/dev/md0,40,3,16384,8,30290,84681,96349,95985,13405,11224,21497,27763,40543,2110496,1360329,2525726,2023970,0:00:06.815966,2023-06-04 17:12:04.290824
iozone,/dev/md0,40,4,16384,8,80080,75815,94445,82159,15148,9297,22777,27404,29678,2009117,1402730,2494463,1998541,0:00:06.735547,2023-06-04 17:12:11.026656
iozone,/dev/md0,40,5,16384,8,82064,81323,89126,95583,14806,11618,24424,27781,9502,855115,726238,201817,1997554,0:00:07.493970,2023-06-04 17:12:18.520882
iozone,/dev/md0,41,1,16384,16,93894,121654,134000,134964,22455,22840,25239,46526,17086,995980,927803,3243656,2464140,0:00:05.067089,2023-06-04 17:12:23.588262
iozone,/dev/md0,41,2,16384,16,88974,94855,117918,129565,23651,23812,31343,50050,55663,2250529,1493258,3314528,2512888,0:00:04.016187,2023-06-04 17:12:27.604701
iozone,/dev/md0,41,3,16384,16,120136,130412,132883,116029,22153,26635,35536,48467,53820,1919656,1525783,3165949,2444332,0:00:03.872084,2023-06-04 17:12:31.477045
iozone,/dev/md0,41,4,16384,16,127524,133955,136049,123396,21542,26243,27707,47975,56004,2058837,1633657,3315168,2509035,0:00:04.119947,2023-06-04 17:12:35.597256
iozone,/dev/md0,41,5,16384,16,123750,131582,132825,117097,20046,26789,28710,46680,57402,2203620,1503945,3229631,2461228,0:00:04.061404,2023-06-04 17:12:39.658931
iozone,/dev/md0,42,1,16384,16,120344,129666,133994,134005,25425,21927,28327,49179,53252,2171244,1656777,3345021,2514451,0:00:03.969927,2023-06-04 17:12:43.629190
iozone,/dev/md0,42,2,16384,16,126594,131280,134161,123200,29307,19446,20694,48712,46254,1904229,773120,3236628,2506747,0:00:04.401272,2023-06-04 17:12:48.030721
iozone,/dev/md0,42,3,16384,16,99767,99340,84393,121995,20671,27011,28854,48529,55394,2311467,3471942,3510608,2591544,0:00:04.096373,2023-06-04 17:12:52.127380
iozone,/dev/md0,42,4,16384,16,126613,74992,122673,117383,23282,27450,23489,50305,16138,933881,1618802,3315968,2536634,0:00:04.887512,2023-06-04 17:12:57.015142
iozone,/dev/md0,42,5,16384,16,92856,133265,134616,111733,20740,20172,28344,49364,54813,2160663,1601113,3309898,2504736,0:00:04.204531,2023-06-04 17:13:01.219930
iozone,/dev/md0,43,1,16384,16,123977,126214,133513,132089,19532,18916,25954,49161,16163,1459607,1287247,229628,2410803,0:00:05.369819,2023-06-04 17:13:06.590050
iozone,/dev/md0,43,2,16384,16,121744,120049,131728,135974,21662,24717,23079,47972,44936,1628778,1620444,2995251,2305728,0:00:04.328991,2023-06-04 17:13:10.919298
iozone,/dev/md0,43,3,16384,16,126847,132101,132948,113300,23535,20440,20988,48598,56808,2076819,1628469,3297194,2499907,0:00:04.276019,2023-06-04 17:13:15.195575
iozone,/dev/md0,43,4,16384,16,127331,133248,136339,122401,21205,24395,30127,48997,53597,1984001,1442116,3194352,2472652,0:00:03.937232,2023-06-04 17:13:19.133063
iozone,/dev/md0,43,5,16384,16,118549,131512,134919,142248,32449,28767,30876,49166,55094,2219491,807810,3141633,2509768,0:00:03.606784,2023-06-04 17:13:22.740026
iozone,/dev/md0,44,1,16384,16,90290,97792,114040,144570,24584,23151,27876,48506,57307,2327280,1564836,3308623,2497182,0:00:04.119001,2023-06-04 17:13:26.859322
iozone,/dev/md0,44,2,16384,16,104435,121341,111653,126479,21501,21696,29779,49647,55730,2271207,1583295,3468262,2556356,0:00:04.160146,2023-06-04 17:13:31.019730
iozone,/dev/md0,44,3,16384,16,97335,99022,125307,116102,19450,29318,37305,48170,36062,937729,1521527,3242432,2514451,0:00:04.081171,2023-06-04 17:13:35.101142
iozone,/dev/md0,44,4,16384,16,123511,123265,119607,124001,20005,22283,30316,47428,55819,2025760,1625234,3351874,2531868,0:00:04.226786,2023-06-04 17:13:39.328176
iozone,/dev/md0,44,5,16384,16,127036,123986,117055,115814,22910,29211,23551,46296,61818,2265217,1592099,3104729,2541701,0:00:04.054607,2023-06-04 17:13:43.383037
iozone,/dev/md0,45,1,16384,16,121145,127367,125661,132645,29623,26996,24413,48329,46679,2372844,789517,3317248,2557593,0:00:03.963360,2023-06-04 17:13:47.346707
iozone,/dev/md0,45,2,16384,16,95813,100868,111613,118198,20909,23972,27790,47110,57121,1948173,1566191,3243044,2517952,0:00:04.369262,2023-06-04 17:13:51.716254
iozone,/dev/md0,45,3,16384,16,120889,124595,125498,132867,20691,26186,27419,48404,12991,963256,792879,188265,2518321,0:00:05.179141,2023-06-04 17:13:56.895672
iozone,/dev/md0,45,4,16384,16,114423,103501,112425,123231,26542,27665,26701,48774,57502,1902648,1564693,261989,2528793,0:00:03.976958,2023-06-04 17:14:00.873129
iozone,/dev/md0,45,5,16384,16,88518,94583,117989,128790,22540,27245,29224,48962,24170,890577,1576286,3285371,2518691,0:00:04.369211,2023-06-04 17:14:05.242595
iozone,/dev/md0,46,1,32768,4,56123,57648,62157,62402,11627,3975,13125,14900,17134,1475968,1001400,1507687,1273434,0:00:22.637762,2023-06-04 17:14:27.880669
iozone,/dev/md0,46,2,32768,4,55574,48260,60394,61722,10449,3943,12894,14832,12735,1455261,707701,217594,1287691,0:00:23.689602,2023-06-04 17:14:51.570536
iozone,/dev/md0,46,3,32768,4,53686,58055,61084,60325,7832,4474,14445,14849,12821,1493174,636952,233826,1254316,0:00:23.385229,2023-06-04 17:15:14.956024
iozone,/dev/md0,46,4,32768,4,51104,57155,61100,62315,10191,4531,14354,14856,14310,1630243,919725,1488226,1273186,0:00:21.859522,2023-06-04 17:15:36.815818
iozone,/dev/md0,46,5,32768,4,55854,57983,53609,61516,11571,4717,14671,15049,12903,1211259,913726,1930354,1738351,0:00:21.569266,2023-06-04 17:15:58.385347
iozone,/dev/md0,47,1,32768,4,47346,54673,61258,61255,8526,4504,14409,14766,12614,1575162,908832,1489178,1264448,0:00:23.157192,2023-06-04 17:16:21.542825
iozone,/dev/md0,47,2,32768,4,53174,56265,53864,59763,8313,4759,15914,14711,13467,1188015,938074,1504567,1332743,0:00:22.524711,2023-06-04 17:16:44.067818
iozone,/dev/md0,47,3,32768,4,52528,53513,61100,61653,11320,4733,15125,14813,13030,1270232,964525,1459340,1250208,0:00:21.920669,2023-06-04 17:17:05.988719
iozone,/dev/md0,47,4,32768,4,41896,58146,61098,62060,9314,4412,14078,14891,13034,730678,641079,203766,1320603,0:00:23.131643,2023-06-04 17:17:29.120645
iozone,/dev/md0,47,5,32768,4,54229,57782,61493,61352,12278,4516,16896,14808,13811,1473658,878502,1466847,1262253,0:00:21.120214,2023-06-04 17:17:50.241092
iozone,/dev/md0,48,1,32768,4,52412,51954,62138,61631,6987,4379,15420,14804,13570,1649951,952282,201481,1343216,0:00:24.074124,2023-06-04 17:18:14.315568
iozone,/dev/md0,48,2,32768,4,51964,57068,61947,61465,7454,3921,14356,14798,12111,682242,920347,1478159,1273233,0:00:24.796999,2023-06-04 17:18:39.112784
iozone,/dev/md0,48,3,32768,4,53150,53516,59565,56244,10680,4934,13679,14661,14004,1555939,900195,1438009,1238961,0:00:21.453877,2023-06-04 17:19:00.566907
iozone,/dev/md0,48,4,32768,4,55413,57275,53600,62040,9613,4487,15064,14802,13340,1087739,927352,1991614,1720012,0:00:22.560931,2023-06-04 17:19:23.128121
iozone,/dev/md0,48,5,32768,4,55423,57317,60285,61300,8923,4822,14196,14812,13253,682964,948536,1450102,1238447,0:00:22.316005,2023-06-04 17:19:45.444347
iozone,/dev/md0,49,1,32768,4,51904,55466,60502,60999,8802,4475,16705,14869,18495,1553354,927539,1462726,1264785,0:00:22.025220,2023-06-04 17:20:07.469879
iozone,/dev/md0,49,2,32768,4,52400,56581,59269,57965,8956,4457,13569,14768,13431,1549973,901429,1428667,1251210,0:00:22.776325,2023-06-04 17:20:30.246464
iozone,/dev/md0,49,3,32768,4,53655,55137,58604,58467,8713,4527,16267,14947,11961,693989,894518,254405,1319538,0:00:22.865427,2023-06-04 17:20:53.112147
iozone,/dev/md0,49,4,32768,4,53121,54828,61820,57618,10237,4581,14609,14904,13906,1079206,1013518,1992798,1672946,0:00:21.964066,2023-06-04 17:21:15.076442
iozone,/dev/md0,49,5,32768,4,55399,57295,61227,57878,9746,3361,14467,14876,12735,1480579,920033,2076436,1805015,0:00:24.878764,2023-06-04 17:21:39.955442
iozone,/dev/md0,50,1,32768,4,56042,57037,60918,57038,9548,4962,15426,14935,23335,1691081,929981,1447155,1232704,0:00:20.644786,2023-06-04 17:22:00.600661
iozone,/dev/md0,50,2,32768,4,42429,46469,37596,60940,9796,4896,12883,14806,12988,1527645,1007936,1435051,1227859,0:00:22.751481,2023-06-04 17:22:23.352398
iozone,/dev/md0,50,3,32768,4,55929,57956,58588,58389,8965,4679,13737,14807,13958,1729535,882972,1424211,1233224,0:00:22.200207,2023-06-04 17:22:45.552866
iozone,/dev/md0,50,4,32768,4,46894,57109,60619,60242,7759,4730,14401,14828,16369,1588452,909897,1443962,1249345,0:00:22.349427,2023-06-04 17:23:07.902551
iozone,/dev/md0,50,5,32768,4,56004,57564,62005,57933,12022,4381,13927,14915,14367,1630745,755982,212108,1293752,0:00:21.931676,2023-06-04 17:23:29.834487
iozone,/dev/md0,51,1,32768,8,79595,74530,52285,96852,12396,9958,20029,27808,16808,789743,1221594,2292911,1905439,0:00:14.220906,2023-06-04 17:23:44.055685
iozone,/dev/md0,51,2,32768,8,82924,85780,95765,99380,15260,9790,16499,27733,19771,811755,712485,2219019,1753029,0:00:13.680110,2023-06-04 17:23:57.736053
iozone,/dev/md0,51,3,32768,8,82306,69940,51197,98775,14367,9361,22649,27855,26971,1815506,1134389,2089792,1721930,0:00:13.252531,2023-06-04 17:24:10.988845
iozone,/dev/md0,51,4,32768,8,90655,95060,100334,95772,13901,8573,23152,27858,12412,1555851,1222822,2110101,1760868,0:00:14.591951,2023-06-04 17:24:25.581055
iozone,/dev/md0,51,5,32768,8,86656,87403,98540,88358,14699,8040,16736,27770,14788,1496051,1172259,2231376,1815386,0:00:14.857524,2023-06-04 17:24:40.438836
iozone,/dev/md0,52,1,32768,8,92547,84585,92084,96544,14094,9532,16634,27777,27493,1502774,1169078,2127774,1808673,0:00:13.253920,2023-06-04 17:24:53.693086
iozone,/dev/md0,52,2,32768,8,91870,94885,93379,95853,21531,10364,17982,27811,23322,1811677,702058,207596,1797861,0:00:12.503794,2023-06-04 17:25:06.197139
iozone,/dev/md0,52,3,32768,8,84501,89399,50505,92785,13632,8219,17020,27665,23420,1207810,1122768,2171512,1786201,0:00:14.374343,2023-06-04 17:25:20.571742
iozone,/dev/md0,52,4,32768,8,90432,94335,99789,98578,13755,8384,26548,27784,24739,818523,845321,210048,2639158,0:00:13.795196,2023-06-04 17:25:34.367149
iozone,/dev/md0,52,5,32768,8,62968,93587,98448,98458,12783,8621,19507,27531,14356,746254,1077008,2873139,2330389,0:00:14.918750,2023-06-04 17:25:49.286118
iozone,/dev/md0,53,1,32768,8,90177,94226,98763,97375,17516,10118,19931,27764,18734,859875,1070498,2476207,2176119,0:00:12.777189,2023-06-04 17:26:02.063599
iozone,/dev/md0,53,2,32768,8,87452,94478,98767,96331,15357,8096,21957,27698,20489,797779,754256,170839,1771239,0:00:13.690118,2023-06-04 17:26:15.753964
iozone,/dev/md0,53,3,32768,8,85707,94012,98863,98426,13064,9885,18527,27894,18938,1641340,1113273,3411936,3421534,0:00:13.686612,2023-06-04 17:26:29.440841
iozone,/dev/md0,53,4,32768,8,90866,94026,55185,94709,11411,9738,20024,27808,27757,1519370,736709,2943345,3068121,0:00:13.596444,2023-06-04 17:26:43.037516
iozone,/dev/md0,53,5,32768,8,91216,94227,91828,98620,14616,8874,20375,28033,42217,1889537,1038774,241617,1718571,0:00:13.174553,2023-06-04 17:26:56.212314
iozone,/dev/md0,54,1,32768,8,78935,93761,95847,97030,12858,9955,16841,27820,16120,1407741,1070606,2096358,1909330,0:00:14.158628,2023-06-04 17:27:10.371253
iozone,/dev/md0,54,2,32768,8,82676,85735,97427,87438,17907,8327,22606,27984,41049,1890499,1156204,123458,2419026,0:00:12.747959,2023-06-04 17:27:23.119475
iozone,/dev/md0,54,3,32768,8,78408,85237,91735,95565,13945,10234,18019,27845,12221,776220,1079639,2156926,1898175,0:00:14.371766,2023-06-04 17:27:37.491432
iozone,/dev/md0,54,4,32768,8,63582,92655,98401,96081,13797,9238,19208,27956,38692,1750997,1071165,2194921,1914036,0:00:12.952742,2023-06-04 17:27:50.444417
iozone,/dev/md0,54,5,32768,8,91161,93808,98858,93213,15066,9157,22911,27185,13383,1331607,761211,235681,1747813,0:00:14.155811,2023-06-04 17:28:04.600495
iozone,/dev/md0,55,1,32768,8,63485,66967,98602,98776,13490,9765,17316,27945,41948,1732020,1160833,2201248,1955012,0:00:13.014137,2023-06-04 17:28:17.614853
iozone,/dev/md0,55,2,32768,8,88678,93114,98091,96881,15263,8604,23450,27878,41583,1331001,1154010,2138767,1950019,0:00:12.503494,2023-06-04 17:28:30.118650
iozone,/dev/md0,55,3,32768,8,90048,86300,98162,52056,10851,10345,16933,27863,13518,1099416,1024709,2141400,1909118,0:00:15.217216,2023-06-04 17:28:45.336137
iozone,/dev/md0,55,4,32768,8,92524,87490,79509,95749,13633,10004,19099,27886,41421,1869897,721097,2204214,1881158,0:00:12.586195,2023-06-04 17:28:57.922595
iozone,/dev/md0,55,5,32768,8,91442,92984,97316,96756,15698,10036,19027,27809,12817,1084101,1012331,2134847,1892790,0:00:13.827521,2023-06-04 17:29:11.750386
iozone,/dev/md0,56,1,32768,16,128465,136580,143442,89691,24322,21021,18528,47661,31081,1333933,1219632,3501200,3610751,0:00:08.932431,2023-06-04 17:29:20.683130
iozone,/dev/md0,56,2,32768,16,130951,135233,134999,131431,23268,21395,34295,48965,11951,795475,1188498,2635363,2364874,0:00:09.589566,2023-06-04 17:29:30.272884
iozone,/dev/md0,56,3,32768,16,128150,129564,134426,133730,19306,19061,25688,48646,58229,1950600,1161205,2671684,2376734,0:00:08.241164,2023-06-04 17:29:38.514316
iozone,/dev/md0,56,4,32768,16,129901,135112,73005,140721,20446,22034,20061,48096,62489,1735585,916896,2563212,2245338,0:00:08.567064,2023-06-04 17:29:47.081643
iozone,/dev/md0,56,5,32768,16,129977,135529,139309,135711,24252,14932,29513,48441,59044,1930598,1261280,2768222,2406405,0:00:08.429632,2023-06-04 17:29:55.511470
iozone,/dev/md0,57,1,32768,16,129211,134605,138838,131279,24754,20406,31368,47439,31965,1404547,1132986,2750164,2375830,0:00:08.359236,2023-06-04 17:30:03.871028
iozone,/dev/md0,57,2,32768,16,129038,133915,138370,142269,20780,21775,24216,47292,39653,1530060,1364418,2701831,2328928,0:00:08.822536,2023-06-04 17:30:12.693834
iozone,/dev/md0,57,3,32768,16,93988,120186,131805,121438,28441,18592,27576,48411,13661,792777,1248924,3557110,3615976,0:00:09.656579,2023-06-04 17:30:22.350677
iozone,/dev/md0,57,4,32768,16,129605,133147,139889,139238,24886,22825,24311,47580,60514,1808887,1159354,2641085,2342743,0:00:08.099722,2023-06-04 17:30:30.450646
iozone,/dev/md0,57,5,32768,16,131642,134538,139081,134704,24742,21508,28956,47868,12221,1654439,1222181,2705661,2112306,0:00:09.948372,2023-06-04 17:30:40.399273
iozone,/dev/md0,58,1,32768,16,129892,135217,140912,130678,27984,18631,34145,48574,12121,1171629,1146903,2724055,2362029,0:00:09.613351,2023-06-04 17:30:50.012927
iozone,/dev/md0,58,2,32768,16,128102,117544,72882,139013,24654,21288,22398,47077,46840,1649119,2222320,2737293,2371730,0:00:08.515514,2023-06-04 17:30:58.528646
iozone,/dev/md0,58,3,32768,16,76062,133146,140098,141364,26258,18275,27898,48008,12871,812110,1336437,2614309,2310682,0:00:10.033095,2023-06-04 17:31:08.561999
iozone,/dev/md0,58,4,32768,16,92765,119497,132777,127565,26305,21210,22587,47496,52481,1752113,783155,174923,2076562,0:00:08.394324,2023-06-04 17:31:16.956586
iozone,/dev/md0,58,5,32768,16,128087,134942,141854,130786,24190,18485,23474,47817,62421,2008466,1244277,183100,2205983,0:00:08.316035,2023-06-04 17:31:25.272810
iozone,/dev/md0,59,1,32768,16,131350,134067,134360,140506,26158,19092,25364,48195,13243,815672,1343452,2658866,2313132,0:00:09.868334,2023-06-04 17:31:35.141455
iozone,/dev/md0,59,2,32768,16,122539,112983,126509,135395,26129,19853,23106,48273,57261,1995721,1229979,2765938,2338876,0:00:07.933130,2023-06-04 17:31:43.074851
iozone,/dev/md0,59,3,32768,16,131847,131930,139911,131770,20929,21285,33094,48416,42506,2034661,1269927,4559291,4426973,0:00:08.243567,2023-06-04 17:31:51.318693
iozone,/dev/md0,59,4,32768,16,128127,95287,134608,137066,21605,18479,23504,48047,56463,1942852,1144897,2641695,2266406,0:00:08.437992,2023-06-04 17:31:59.756915
iozone,/dev/md0,59,5,32768,16,126478,134355,139616,131788,23739,20826,31113,48932,58852,1892921,919183,4332087,4262227,0:00:07.568803,2023-06-04 17:32:07.325921
iozone,/dev/md0,60,1,32768,16,128163,134168,140505,140328,21215,14772,30971,48945,34145,1184075,1133173,2655219,2300818,0:00:09.120864,2023-06-04 17:32:16.447056
iozone,/dev/md0,60,2,32768,16,129483,132145,68018,140030,20848,18270,25779,48469,38900,977685,882802,189200,2080775,0:00:09.068240,2023-06-04 17:32:25.515558
iozone,/dev/md0,60,3,32768,16,116002,121105,135012,136706,24100,21129,22387,46613,13424,789154,1204085,2624794,2339553,0:00:10.077360,2023-06-04 17:32:35.593098
iozone,/dev/md0,60,4,32768,16,129819,135273,120490,130979,20382,20773,21518,47781,59416,1883220,2213444,2686778,2430147,0:00:08.356558,2023-06-04 17:32:43.949904
iozone,/dev/md0,60,5,32768,16,130416,133982,139840,140836,23987,20003,21405,47365,19856,798340,1334089,2656502,2320827,0:00:09.257918,2023-06-04 17:32:53.208053
iozone,/dev/md0,61,1,65536,4,56046,53096,56220,60890,2569,3937,14114,14846,12299,1547119,765581,1468790,1447794,0:01:06.300317,2023-06-04 17:33:59.508701
iozone,/dev/md0,61,2,65536,4,55417,57166,61084,61438,2624,4005,16986,14817,12146,839807,920164,2532087,2145911,0:01:04.080083,2023-06-04 17:35:03.589094
iozone,/dev/md0,61,3,65536,4,51204,55894,61732,59808,2561,3760,13945,14842,12819,829057,1001910,210125,1345878,0:01:07.613428,2023-06-04 17:36:11.202749
iozone,/dev/md0,61,4,65536,4,56263,57901,59466,59848,2601,3825,15299,14701,12263,850762,917998,2528105,2153948,0:01:05.585217,2023-06-04 17:37:16.788253
iozone,/dev/md0,61,5,65536,4,56321,42975,61381,61784,2623,3942,13853,14703,13858,1228873,926722,1450452,1470967,0:01:05.681867,2023-06-04 17:38:22.470348
iozone,/dev/md0,62,1,65536,4,58198,57562,54594,60577,2641,3753,16171,14846,11056,802027,919005,1455968,1539347,0:01:06.201239,2023-06-04 17:39:28.671879
iozone,/dev/md0,62,2,65536,4,54116,50442,61142,60546,2583,4062,15936,14800,11999,1623903,956716,1448244,1484937,0:01:05.312871,2023-06-04 17:40:33.985027
iozone,/dev/md0,62,3,65536,4,44263,57326,61573,60729,2548,3598,15142,14840,11802,1598324,956004,1451072,1475238,0:01:08.066752,2023-06-04 17:41:42.052027
iozone,/dev/md0,62,4,65536,4,55015,50795,62725,61447,2500,3867,15745,14894,11559,1555418,984555,1471400,1500295,0:01:07.007141,2023-06-04 17:42:49.059419
iozone,/dev/md0,62,5,65536,4,54295,50743,42858,60735,2468,3851,14075,14833,10932,1541047,768481,210592,1273486,0:01:09.473126,2023-06-04 17:43:58.532797
iozone,/dev/md0,63,1,65536,4,56099,57504,60885,60133,2598,3724,14537,14830,12417,837169,923860,1428643,1462794,0:01:06.568468,2023-06-04 17:45:05.101552
iozone,/dev/md0,63,2,65536,4,43425,53020,49704,61718,2557,3651,15533,14886,12695,1191258,701964,222982,1318366,0:01:08.019381,2023-06-04 17:46:13.121196
iozone,/dev/md0,63,3,65536,4,56642,55726,62215,60592,2541,3666,15884,14725,11475,1060453,784863,216201,1281578,0:01:08.178433,2023-06-04 17:47:21.299888
iozone,/dev/md0,63,4,65536,4,51878,52457,47665,60089,2576,3445,14486,14849,11342,1577312,732785,222382,1298199,0:01:09.790962,2023-06-04 17:48:31.091110
iozone,/dev/md0,63,5,65536,4,56052,56684,61205,61571,2645,3852,15639,14868,12594,833736,781754,228123,1374988,0:01:05.668599,2023-06-04 17:49:36.759958
iozone,/dev/md0,64,1,65536,4,56078,56723,60868,60515,2541,4059,15484,14734,12259,767841,919816,1449756,1464462,0:01:05.497087,2023-06-04 17:50:42.257311
iozone,/dev/md0,64,2,65536,4,55593,53051,47854,61464,2564,3152,15461,15042,11039,778475,907158,1478467,1477569,0:01:10.756478,2023-06-04 17:51:53.014034
iozone,/dev/md0,64,3,65536,4,42243,58213,58059,62199,2480,3690,14144,14466,11278,821119,767976,1422779,1450521,0:01:09.259325,2023-06-04 17:53:02.273608
iozone,/dev/md0,64,4,65536,4,53391,55051,61459,60219,2580,3571,15355,14843,11508,824385,775016,220206,1287316,0:01:08.289993,2023-06-04 17:54:10.563852
iozone,/dev/md0,64,5,65536,4,54333,56357,61113,61895,2605,3976,15183,14854,10784,1060965,814325,210172,1292595,0:01:06.362144,2023-06-04 17:55:16.926252
iozone,/dev/md0,65,1,65536,4,52801,50704,58170,60661,2553,4025,14243,14800,12054,832003,942473,1459695,1461845,0:01:06.683505,2023-06-04 17:56:23.610062
iozone,/dev/md0,65,2,65536,4,56452,51832,61957,61453,2647,3639,17111,14852,12948,1180677,935548,1465540,1481511,0:01:05.287690,2023-06-04 17:57:28.898049
iozone,/dev/md0,65,3,65536,4,55615,50953,61553,61505,2607,3719,15906,14764,12555,809445,749292,1441908,1441522,0:01:06.357861,2023-06-04 17:58:35.256169
iozone,/dev/md0,65,4,65536,4,51298,54464,61987,61592,2506,3692,14062,14767,11690,1672863,820440,1426960,1461978,0:01:08.492319,2023-06-04 17:59:43.748738
iozone,/dev/md0,65,5,65536,4,56202,57441,61018,60894,2587,3673,17066,14684,12186,812719,758483,1589369,1518261,0:01:06.373370,2023-06-04 18:00:50.122289
iozone,/dev/md0,66,1,65536,8,90803,87996,97246,97497,4981,6735,20838,27336,12354,1445183,829014,180666,1701389,0:00:41.119292,2023-06-04 18:01:31.241858
iozone,/dev/md0,66,2,65536,8,88664,92335,96543,97615,4993,7299,19791,27441,11260,851680,885572,2210930,1756803,0:00:40.697583,2023-06-04 18:02:11.939717
iozone,/dev/md0,66,3,65536,8,91083,92785,100149,99174,4907,7727,19038,27355,13271,890555,838216,244943,1679076,0:00:39.475347,2023-06-04 18:02:51.415408
iozone,/dev/md0,66,4,65536,8,89025,91671,97074,97866,4924,7420,23742,27551,12757,1408252,830462,228689,1716401,0:00:39.365308,2023-06-04 18:03:30.780896
iozone,/dev/md0,66,5,65536,8,88228,77620,69218,100500,4993,7323,19749,27515,12552,860572,842269,2151268,1804954,0:00:40.580804,2023-06-04 18:04:11.361959
iozone,/dev/md0,67,1,65536,8,92011,95022,101045,100455,4902,7669,21555,27545,12479,873510,846182,2292582,1824300,0:00:39.487011,2023-06-04 18:04:50.849267
iozone,/dev/md0,67,2,65536,8,84557,92185,96458,95459,5213,7099,20287,27367,12965,1429044,852155,241168,1712231,0:00:39.557388,2023-06-04 18:05:30.406906
iozone,/dev/md0,67,3,65536,8,90977,93533,97353,97361,4901,7188,22032,27465,13140,851812,901035,2579952,1999929,0:00:39.446743,2023-06-04 18:06:09.853946
iozone,/dev/md0,67,4,65536,8,77039,83344,74788,99824,5053,6622,18323,27591,12734,858237,851184,2149485,1834307,0:00:41.679899,2023-06-04 18:06:51.534075
iozone,/dev/md0,67,5,65536,8,89093,90812,96625,97121,4929,7479,19073,27491,11309,1400496,830505,2456837,1898107,0:00:40.874511,2023-06-04 18:07:32.408835
iozone,/dev/md0,68,1,65536,8,74962,83271,100191,100180,4916,7434,18214,27431,11211,812001,791603,216970,1582697,0:00:41.776458,2023-06-04 18:08:14.185557
iozone,/dev/md0,68,2,65536,8,89183,90201,96509,98815,5169,6841,20795,27366,13407,857777,872404,221630,1746145,0:00:40.052618,2023-06-04 18:08:54.238330
iozone,/dev/md0,68,3,65536,8,90417,90135,96455,98109,5122,7490,20024,27562,13009,939667,879902,2564092,1988284,0:00:39.132455,2023-06-04 18:09:33.371046
iozone,/dev/md0,68,4,65536,8,75823,94742,99558,99964,5031,7422,19824,27583,12653,865629,1123460,2207716,1795557,0:00:39.733196,2023-06-04 18:10:13.104477
iozone,/dev/md0,68,5,65536,8,91164,91527,90221,99597,4963,6518,21390,27654,12917,1620782,1072305,245385,1674575,0:00:40.754652,2023-06-04 18:10:53.859324
iozone,/dev/md0,69,1,65536,8,89656,92941,91934,99820,4840,6990,24211,27479,12513,847256,1093141,246777,1717312,0:00:40.263722,2023-06-04 18:11:34.123355
iozone,/dev/md0,69,2,65536,8,88528,94230,99269,99032,4865,7477,17074,27568,12306,1849363,825100,226990,1664284,0:00:41.341540,2023-06-04 18:12:15.465146
iozone,/dev/md0,69,3,65536,8,83966,87770,90214,99950,5026,6876,20740,27496,13009,864396,835960,213393,1722046,0:00:40.447418,2023-06-04 18:12:55.912821
iozone,/dev/md0,69,4,65536,8,83864,87753,68459,99796,4933,8311,18900,27489,12880,879241,1077966,2061839,1788791,0:00:39.209766,2023-06-04 18:13:35.122848
iozone,/dev/md0,69,5,65536,8,89281,90509,99188,98632,5148,7491,20057,27460,13615,850665,1071570,220462,1655374,0:00:39.287721,2023-06-04 18:14:14.410869
iozone,/dev/md0,70,1,65536,8,90522,89507,97146,97565,5183,7096,21966,27452,12695,913128,827497,3581760,2973491,0:00:39.019406,2023-06-04 18:14:53.430620
iozone,/dev/md0,70,2,65536,8,84225,82626,74908,101575,4947,6973,17777,27363,12592,856221,1062240,2154657,1737756,0:00:41.373878,2023-06-04 18:15:34.804725
iozone,/dev/md0,70,3,65536,8,93695,95651,99177,99962,5077,7043,20167,27360,12574,924957,826599,3480577,2935544,0:00:39.957520,2023-06-04 18:16:14.762510
iozone,/dev/md0,70,4,65536,8,87530,89614,98151,96099,4921,7608,21286,27404,12664,1483750,1084280,2073989,1760392,0:00:39.149082,2023-06-04 18:16:53.911819
iozone,/dev/md0,70,5,65536,8,92615,95843,59736,100671,4928,7353,20284,27899,12731,1336618,853987,251754,1661618,0:00:40.194216,2023-06-04 18:17:34.106293
iozone,/dev/md0,71,1,65536,16,102912,138008,144656,143338,9072,15325,25065,47560,14664,1252121,917085,2592801,2030735,0:00:25.688877,2023-06-04 18:17:59.795413
iozone,/dev/md0,71,2,65536,16,127441,125856,136550,142692,9606,14117,27623,47381,13292,905831,964674,215534,2234892,0:00:26.194956,2023-06-04 18:18:25.990570
iozone,/dev/md0,71,3,65536,16,126869,130219,137186,142020,9159,16048,25129,46934,13157,1220752,881155,2738542,2073598,0:00:25.718592,2023-06-04 18:18:51.709396
iozone,/dev/md0,71,4,65536,16,127931,129154,98789,136501,9042,16170,21479,48943,12902,932726,1012017,201682,2047556,0:00:26.830921,2023-06-04 18:19:18.540524
iozone,/dev/md0,71,5,65536,16,125070,123325,135025,142036,9235,14332,26063,48727,13014,899961,869292,2746093,2129519,0:00:25.847728,2023-06-04 18:19:44.388521
iozone,/dev/md0,72,1,65536,16,126910,131942,90869,143876,9223,12849,25922,47365,14265,1435777,867383,2734401,2197567,0:00:26.430587,2023-06-04 18:20:10.819379
iozone,/dev/md0,72,2,65536,16,125223,123822,139069,139088,9223,12787,26058,47822,14753,903672,875201,2743927,2107606,0:00:25.977594,2023-06-04 18:20:36.797210
iozone,/dev/md0,72,3,65536,16,115943,132830,137005,139922,9563,13382,25637,48367,13361,1240111,1182363,2845326,2089868,0:00:25.728406,2023-06-04 18:21:02.525889
iozone,/dev/md0,72,4,65536,16,132227,137582,143422,144218,8671,15534,25605,47548,7990,899428,887444,2704298,2072535,0:00:29.428099,2023-06-04 18:21:31.954274
iozone,/dev/md0,72,5,65536,16,124531,125256,135514,137174,9082,12169,24548,47537,12782,903508,944215,2606965,2046916,0:00:27.449343,2023-06-04 18:21:59.403877
iozone,/dev/md0,73,1,65536,16,125139,125915,97679,146622,9392,13921,24956,47231,13213,908823,888537,2818138,2105234,0:00:26.372428,2023-06-04 18:22:25.776702
iozone,/dev/md0,73,2,65536,16,107613,113534,106737,141842,9661,12947,23270,47052,13028,914145,1212214,2781551,2094805,0:00:26.790549,2023-06-04 18:22:52.567517
iozone,/dev/md0,73,3,65536,16,133920,138485,142918,132289,9217,16023,28064,46895,13569,1267326,887264,2821175,2083942,0:00:25.084568,2023-06-04 18:23:17.652354
iozone,/dev/md0,73,4,65536,16,106610,122452,92287,141153,8654,13864,25033,47115,13112,1249372,876488,211640,2019723,0:00:27.512351,2023-06-04 18:23:45.164955
iozone,/dev/md0,73,5,65536,16,127398,133680,144061,141213,8987,12134,26429,47461,13323,1268900,880362,2810187,2049602,0:00:27.044360,2023-06-04 18:24:12.209600
iozone,/dev/md0,74,1,65536,16,132055,123086,138957,140039,9450,13805,24996,46918,13213,913714,889190,2804166,2102207,0:00:26.180115,2023-06-04 18:24:38.389958
iozone,/dev/md0,74,2,65536,16,125969,131618,92656,142652,9443,13221,27736,46414,13373,1261111,880813,203812,2027604,0:00:26.906482,2023-06-04 18:25:05.296713
iozone,/dev/md0,74,3,65536,16,129655,126450,142742,145006,9383,14120,23961,46618,13730,905419,880765,215032,2056548,0:00:26.471021,2023-06-04 18:25:31.767996
iozone,/dev/md0,74,4,65536,16,124350,130256,141636,140446,9347,13324,24546,46815,13779,1269633,887336,2839008,2069336,0:00:26.378174,2023-06-04 18:25:58.146476
iozone,/dev/md0,74,5,65536,16,129439,113448,88591,146351,9220,14125,23040,47417,13225,917550,888454,2806686,2063217,0:00:26.995857,2023-06-04 18:26:25.142602
iozone,/dev/md0,75,1,65536,16,122919,121599,93831,143595,9501,12697,27359,47406,13082,1268654,883009,221409,2023768,0:00:26.793534,2023-06-04 18:26:51.936370
iozone,/dev/md0,75,2,65536,16,130636,134398,87505,143982,9288,13810,23478,46996,13652,910448,882637,217001,2039020,0:00:27.089022,2023-06-04 18:27:19.025676
iozone,/dev/md0,75,3,65536,16,124997,132428,144157,143551,9533,12797,29021,46927,13246,909249,881392,217003,2051269,0:00:26.164299,2023-06-04 18:27:45.190237
iozone,/dev/md0,75,4,65536,16,114277,128210,141083,143566,9045,16532,23974,47089,14935,910285,891378,2793508,2085745,0:00:25.014391,2023-06-04 18:28:10.204894
iozone,/dev/md0,75,5,65536,16,133551,107343,100651,138988,9229,13453,28031,46585,13050,915216,1203953,2733531,2050229,0:00:26.772639,2023-06-04 18:28:36.977733
iozone,/dev/md0,76,1,1048576,4,59197,59817,67282,66080,681,2325,16560,15614,14217,1446711,1582634,231554,2058481,0:38:53.442831,2023-06-04 19:07:30.420896
iozone,/dev/md0,76,2,1048576,4,58689,59714,63850,64587,676,2365,17530,15429,14180,1637223,1205358,236801,2075772,0:38:58.747822,2023-06-04 19:46:29.168930
iozone,/dev/md0,76,3,1048576,4,60648,59797,65280,66012,672,2071,16769,15391,14144,1318059,1208656,244879,2072219,0:40:12.890809,2023-06-04 20:26:42.059897
iozone,/dev/md0,76,4,1048576,4,60219,61395,65401,66643,675,2301,14830,15417,14193,1661789,1197100,237046,2075205,0:39:29.052216,2023-06-04 21:06:11.112340
iozone,/dev/md0,76,5,1048576,4,61220,60103,67450,65433,674,2375,17770,15452,14184,1712212,1203041,235712,2070872,0:38:57.554525,2023-06-04 21:45:08.667090
iozone,/dev/md0,77,1,1048576,4,60074,60764,66588,67408,673,2210,16300,15438,14227,1336155,1194762,235780,2106927,0:39:47.358730,2023-06-04 22:24:56.026089
